,0,1,2,3,4,5,6,7,8,9,10,11,12,13,14,15,16,17,18,19,20,21,22,23,24,25,26,27,28,29,30,31,32,33,34,35,36,37,38,39,40,41,42,43,44,45,46,47,48,49,50,51
0,0.7763639135452833,3703.920323635479,4470.7366088394765,8.76622251514683,26.956000000000007,42.0627088535425,2705.4976527813683,75.02918086067348,120.38940350410986,0.3354270809439994,80.47615309762764,51.159000000000006,2634.015017335387,24.703000000000007,48.811000000000014,3104.3086705652195,23.380000000000013,67.96941611542368,265.62738234846216,341.3524127358951,94.59597705164349,77.13135554438794,32.65313006829335,8.833945852174523,25.83172119055319,6.877651543060649,19.408505162928137,1.6864677232947076,33.25899077500736,13.725104068039247,23.905625627862225,1.2010332993327222,18.461383288485052,2.296343126720807,4.936071923801,2.2684612331817644,0.01521975249199986,0.8579597582217471,0.10696272405812678,53.51520409992638,43.76126623162728,64.25285880150035,54.015965653741844,76.39335575216109,58.94276484429354,22.023512495873323,40.108106173091734,41.51000000000001,43.78200000000001,58.934123558785096,41.37868620188311,17.073000000000008
1,0.7820039135452832,3654.420323635479,4432.536608839476,8.84972251514683,26.650000000000002,42.07670885354251,2708.3975537913498,74.91718086067348,120.38059649589023,0.31373708094399944,80.69271256520955,49.521000000000015,2637.123073615715,22.480000000000008,50.93100000000002,3105.2323607723547,23.492000000000015,67.92712000639932,268.16637845305587,341.30504187888573,94.49105642463296,77.71131817210475,32.08240406734906,9.04923687020387,26.56120565636001,6.981003949392134,19.313468419027835,1.7245206748131117,33.211614892620915,13.987498085781958,23.481798368265945,1.0345152054057183,18.95977874645873,2.3588548495693256,5.024006068261032,2.338229344450854,0.005537752491999858,0.8341997582217471,0.10767672405812677,53.40320409992637,44.08826623162728,63.01885880150035,53.09796565374185,76.84635575216109,58.780764844293536,22.160512495873324,37.91710617309173,36.691000000000024,48.68700000000001,59.019032036059734,41.94862689947537,16.813000000000002
2,0.7821839135452834,3646.5155930193373,4453.536608839477,8.965422515146829,26.720000000000002,42.1987088535425,2704.703636082781,74.29818086067348,120.37923055137016,0.3145170809439995,80.71532474485062,50.16000000000003,2634.6831409283395,25.317000000000007,50.09900000000002,3102.5411066558127,21.658000000000015,68.22495672898724,269.53909662225936,340.78866176716053,94.72340922996392,77.42041053015114,32.55797063464329,9.083819298065553,26.026802678724646,6.973981614491474,18.48357575937849,1.6815468179083626,33.26043679366776,13.831830859788893,23.849707355601403,1.085779565776783,18.763341584290124,2.3287057196902468,4.909715218228137,2.2868564840355448,0.015880247508000156,0.8503556754818936,0.10841843267643161,53.77937881529961,44.508179871260424,63.412858801500356,52.84696565374185,76.82935575216109,55.09176484429354,22.08340897424936,37.82110617309173,38.57000000000002,46.76300000000002,59.66383622201295,41.26707896409111,21.14200000000001
3,0.7598839135452834,3644.215593019337,4485.736608839477,8.832422515146826,26.652000000000005,42.4107088535425,2707.7908499952123,75.71918086067348,120.39076944862994,0.3346670809439995,80.84192370317962,48.31200000000003,2636.283257730831,23.160000000000004,51.45400000000002,3107.2234290314063,23.243000000000016,68.20318090218059,271.16911912229574,340.573949831659,94.6136242463125,77.12872728269835,32.41456350099913,9.065163424312843,26.624124168188555,6.890762893055753,19.44239782257749,1.7141415801994564,32.722168873960534,14.065771294032315,23.770003730706208,1.282568938961658,18.685820450653658,2.3825922565998865,5.003662773833898,2.2624340935970744,0.015880247508000156,0.8503556754818936,0.10841843267643161,53.77937881529961,44.508179871260424,63.47285880150036,53.27296565374185,74.89735575216108,59.664764844293536,22.005408974249363,40.293106173091736,33.133000000000024,49.89900000000003,59.76825284817504,41.81423413726738,17.37300000000001
4,0.756480329927019,3658.6680215577976,4499.336608839475,8.747124987525195,26.67000000000001,42.637708853542506,2701.8619660359823,75.89124066901532,120.40443138531124,0.3356670809439995,80.51431781151346,50.068000000000026,2630.1888276480227,24.85100000000001,49.829,3097.3987940628276,22.377000000000013,67.9381029676182,271.8023403108519,341.4138750109853,94.88861450032037,78.06675013649958,32.680126505328836,9.279788448779184,26.395741714915317,6.94171372031964,19.029765630823217,1.740583480967753,33.97057656400125,14.05282279170335,23.670360979518453,1.4237040803358003,19.429982526493525,2.378065551118518,4.913508234554658,2.3739049782532113,0.013231310342034014,0.8387722446234778,0.10909436153596869,53.34515564195998,43.51200078531321,63.257858801500326,53.10996565374184,74.35804678426523,57.979764844293534,22.065720511414494,40.172106173091734,38.29900000000003,46.13900000000003,59.10360205384273,41.69344366246385,19.426000000000013
5,0.7494603299270192,3691.768021557798,4531.636608839474,8.819824987525193,26.92900000000001,42.470708853542504,2696.7164291828544,74.79424066901531,120.35556861468886,0.3359570809439995,80.0204536878886,50.49200000000002,2624.5925266345616,23.294000000000008,49.24100000000001,3094.3921674294315,22.715000000000014,67.76139216132252,268.6986273345205,341.110525880781,94.47941897595597,76.71073958947629,32.10440763031357,8.939094273599204,26.301292575946377,6.855287342705992,18.943207951132752,1.661604917140065,32.54140657344384,13.743779362117861,23.093266031711824,1.1644444244026408,18.350329634145368,2.3706324251716144,4.911911780141302,2.2752768855215644,0.013231310342034014,0.8387722446234778,0.10909436153596869,53.34515564195998,43.51200078531321,62.67485880150033,53.84896565374184,73.48604678426521,55.652764844293536,22.00572051141449,40.30810617309173,39.54900000000003,44.77700000000002,58.633040346524176,40.80786943889464,18.621000000000013
6,0.750160329927019,3679.767895097018,4541.036608839476,8.817524987525195,27.252000000000006,42.6667088535425,2700.1882214498783,74.6052406690153,120.37355299631166,0.3373070809439995,80.26178347984045,50.71000000000002,2629.187178131598,24.65600000000001,50.066000000000024,3097.635284647224,23.897000000000013,67.97262836420222,268.9619449578195,340.6174338685062,94.66871647485887,77.24281415452784,32.30507626667387,8.842529792510241,26.098726018228547,6.741409921950814,19.406887296277365,1.7418206655512507,33.49227279538142,13.799213908180322,23.51352930515603,1.4422299289844855,18.377243980635388,2.379711292922936,4.838160668034055,2.3133349505630156,0.005298689657966001,0.8403318801062306,0.09934380573232884,53.760427273266046,44.07755311179914,62.55685880150034,53.73596565374186,73.41804678426524,56.76276484429356,21.91047649690236,40.143106173091724,40.18900000000002,46.687000000000026,59.101277319963046,40.81759565923459,15.805000000000009
7,0.768700329927019,3664.567895097018,4469.036608839476,8.956524987525194,27.25600000000001,42.29370885354251,2701.9434595402017,74.8482406690153,120.40644700368837,0.3268670809439995,80.83442010081474,51.241000000000014,2630.915332333039,24.89600000000001,49.594000000000015,3101.00623348438,23.795000000000016,67.97324587650624,269.9749206922567,340.29045901836486,94.68431700141751,78.04050764883858,32.213457868968526,9.131652929868157,26.51330827263316,7.007189015023569,19.268086285678617,1.6430677325565672,33.27971034206367,13.949388245640895,23.70589700068837,1.3444185757539557,18.91906818000351,2.386286683367196,4.927959346661904,2.3703469132117596,0.005298689657966001,0.8403318801062306,0.09934380573232884,53.760427273266046,44.07755311179914,63.24185880150034,53.404965653741854,75.52604678426525,58.99376484429355,22.24247649690236,38.76210617309172,41.75100000000002,45.59400000000002,59.28598085337107,41.63771744212391,16.026000000000007
8,0.7272091782485487,3648.3856642584774,4438.295389747395,8.84072443787603,26.78000000000001,42.117690805788925,2697.9944310906535,75.46460737525042,120.4074776103232,0.31180285001991015,80.40233265769147,49.164000000000016,2625.7723203113087,26.273000000000017,49.44500000000002,3096.834992890345,22.825000000000006,67.72812241702823,254.47630534104377,338.8380019011642,94.64645055219108,77.27024079805453,31.646426422350725,8.777746098765672,26.30138097600037,6.834510454064938,19.109092678579177,1.718761625874899,32.33428658041672,14.05854323413739,23.248624039661927,1.3401050925297802,19.04155318392881,2.2751639498384035,4.790258377055147,2.310249124960702,0.019628087164921332,0.8304146093258751,0.09596145208311181,53.80448809405189,44.479835630968985,63.6024728945956,52.92706929431327,71.23878934249502,57.04006555940885,21.211787050104345,37.6873408434817,35.64100000000002,45.25000000000002,56.59940928878558,40.89636566968952,18.30000000000001
9,0.7298091782485486,3670.085664258477,4405.895389747396,8.763724437876032,27.34700000000001,42.17369080578892,2701.7514550043275,74.98760737525045,120.42252238967687,0.3205028500199101,80.81768525560894,50.06700000000002,2629.2163932798608,23.037000000000013,49.55100000000003,3100.423873392008,21.511000000000006,67.78943829555894,258.75710340257746,339.092594142874,94.55745554029943,78.01149958501684,31.833497890602874,9.0819950904269,25.821651153470672,6.976240557091691,19.33566851730161,1.7012215577967364,33.31767735733792,13.647159537825592,24.13852222993816,1.291428584692233,18.581099662921336,2.358667232254212,4.89423392315268,2.309158850103241,0.019628087164921332,0.8304146093258751,0.09596145208311181,53.80448809405189,44.479835630968985,63.3144728945956,52.76906929431328,71.37878934249501,59.511065559408856,21.728787050104348,38.097340843481696,38.29600000000002,45.49400000000002,56.364347941719174,40.31791735521808,21.41600000000001
10,0.7267691782485487,3660.2745991824668,4420.795389747394,8.666824437876034,27.216,42.15269080578893,2694.8710281586345,75.01460737525045,120.38323602539913,0.3184228500199102,80.30582923325612,49.35100000000002,2623.3887096028584,24.72900000000001,50.81100000000002,3092.809743951031,24.361000000000008,67.60461162431116,255.6922335097884,339.0673530835942,94.67023283120103,77.61140070218681,31.877305654573075,8.857889952875137,26.518272767219155,6.804246592765807,18.512583824562473,1.6978265951146847,32.484194721600865,13.588083119489779,23.548289145872513,1.0624132245210984,18.52847654948623,2.343680345786059,4.872400741440508,2.29422748827188,-0.003986087164921324,0.8417664412414295,0.08888798840246694,54.61385490016131,44.51722659758109,62.391472894595616,52.591069294313264,71.67778934249502,57.441065559408855,21.52142960536494,38.35034084348169,36.19000000000002,48.410000000000025,56.028046473054815,40.75546053979364,14.673000000000009
11,0.7427191782485486,3598.9745991824666,4409.895389747395,8.658824437876032,26.981,42.54669080578892,2696.3644408777855,75.98660737525043,120.41676397460094,0.3268428500199102,80.19953798000891,49.90000000000001,2623.5630682705623,26.11900000000001,50.07000000000002,3094.9883930850046,22.060000000000006,67.67116333965814,256.29704592920393,338.8689244422518,94.55067326128945,76.85157942563873,31.981618658380544,9.122051236317436,25.89275936225189,6.961402396077576,19.383177371318308,1.7411565885569509,33.20076921615378,14.10161965247321,23.96532234865735,1.0886204527009151,18.645176297363918,2.3215508363065553,4.945491558767321,2.287580486792063,0.0018689128350786771,0.8174764412414294,0.08657798840246696,53.71285490016131,44.26922659758109,63.02947289459561,53.55706929431327,73.17478934249503,57.41806555940886,21.34142960536494,38.789340843481696,37.80600000000002,46.69700000000003,55.980973141603755,41.90382248511397,20.11400000000001
12,0.8081023517783887,3657.108116864232,4442.695389747394,8.85888634368115,26.975,42.68069080578892,2700.446340567999,75.1155899491715,120.37882729564394,0.3274828500199102,79.73407675860206,50.277000000000015,2627.9728245494616,26.12600000000001,48.01700000000003,3099.155952249212,23.396000000000008,67.429452800232,258.0683607357341,339.45443581566497,94.68087724449786,77.01549937757262,32.02481450958446,8.949997478400023,26.23115897437392,6.900942722155391,18.51785196239364,1.697260356212771,32.61570667868184,13.866557389635423,23.694818041088656,0.9216341850148564,18.807931362055687,2.3287794388371283,4.925959834800864,2.2928601327852003,0.012200921634760508,0.8380344120678815,0.1092659205417468,53.329999002791816,43.3401827867342,63.17847289459558,53.165069294313284,79.54071614740957,58.044065559408864,21.692095724634907,38.711340843481686,38.915000000000006,41.94400000000002,55.915093544802,40.26874098025777,16.984000000000012
13,0.7541623517783889,3682.9081168642324,4477.895389747393,8.856186343681149,26.972,42.21269080578892,2701.543715038668,74.6515899491715,120.40117270435617,0.32131285001991017,80.1760959098426,50.176000000000016,2630.7204006383363,25.594000000000005,50.616000000000035,3099.7094209378088,23.581000000000003,67.52531886580194,255.1864411806649,340.15564862239876,94.71302884799265,77.61870781016718,32.49610980336914,8.808943710792553,26.832311424961603,6.871567826416267,18.820909233487146,1.7236228274588645,33.30138455210463,13.792145382327563,23.9320623182721,1.419099492207157,18.634860686924117,2.3425517432554877,4.999090125348031,2.3363415947582644,0.012200921634760508,0.8380344120678815,0.1092659205417468,53.329999002791816,43.3401827867342,63.00847289459559,53.25006929431328,74.10471614740959,56.02206555940886,21.79509572463491,37.79334084348168,38.61800000000001,47.95900000000002,56.20894168746664,40.47354204464984,16.520000000000007
14,0.7540523517783887,3607.25214657671,4442.2953897473935,8.797586343681152,27.050000000000008,42.09369080578892,2702.574839339633,74.98358994917149,120.40208374039466,0.31833285001991013,80.385804095677,50.23000000000001,2630.1967907116305,25.95500000000001,51.39500000000003,3099.8233273791916,22.69600000000001,67.74036127598596,258.54436798534795,339.9378160947648,94.77430017665218,77.28056565128524,32.64316540116766,8.930457102503482,26.746235955127442,6.9174045362552725,19.081856692728337,1.715176638542009,32.78771446198004,13.84077791472128,23.939275165454138,1.370285482979536,18.67735835397489,2.3402204256611094,4.97348415908448,2.3410605599582923,0.015151078365239498,0.819860044626464,0.11257197272828103,53.28634399142136,43.862754984715785,63.105472894595586,53.676069294313265,74.11571614740956,59.62706555940885,21.43886105340293,38.157340843481684,38.77700000000001,49.762000000000015,57.38959100969102,41.612526904781056,18.639000000000006
15,0.7368923517783886,3622.25214657671,4514.895389747394,8.83678634368115,27.171000000000003,42.36569080578892,2701.797211082671,74.77458994917149,120.39791625960535,0.32067285001991014,80.62246000179908,49.67800000000002,2628.9406096581397,25.52400000000001,49.730000000000025,3099.7486151427934,23.542000000000005,67.65786943829902,258.3539583528097,339.55882354783705,94.58960591583833,77.34594767187183,32.30975891178594,8.813984086689093,25.912234444208078,6.913184915173078,18.24390450315245,1.7049065451296275,33.241376768806425,13.75992485724171,23.978108576906084,1.2528481942424778,18.71843369500492,2.3032107564315076,4.8739658010644185,2.337841167585172,0.015151078365239498,0.819860044626464,0.11257197272828103,53.28634399142136,43.862754984715785,62.13747289459558,53.756069294313264,72.43171614740956,55.86306555940885,21.482861053402928,38.88134084348169,37.15300000000001,45.91000000000001,57.00187964349011,40.93475612012656,16.61600000000001
16,0.7784311131389123,3671.914883141309,4552.402927700897,8.847146996328338,26.735000000000014,42.517132663718115,2712.1454417654186,75.17440201635084,120.43079572796901,0.3265555396544132,80.55252676801462,50.093000000000025,2643.217491203507,26.209000000000007,50.30700000000002,3102.7968799994833,21.774000000000015,68.27064803800971,277.19310155002773,345.52187328669413,94.68107681440026,78.52690372954379,33.27119483541612,9.061414651553248,26.28572057963557,6.776353374814634,18.798974412010832,1.7235298623424085,33.885800417631344,13.927181974611823,23.810404479002475,1.2122570603952587,18.816340812419586,2.3609021923307902,5.026364126949839,2.3556265781035575,0.005966149546658344,0.8463340187061623,0.10589837054574722,53.33122255740615,44.51023212720849,62.135866698282896,53.71087035494957,76.65396841282272,56.58653530233615,23.004704022358514,38.4701855229377,38.374000000000024,47.24600000000002,61.777010842357875,41.66023058202571,20.755000000000006
17,0.7409311131389125,3695.0148831413094,4499.202927700898,8.900546996328337,26.887000000000015,42.044132663718116,2708.497520307543,74.38740201635083,120.38920427203104,0.3175055396544132,80.40638691330298,48.821000000000005,2638.9576167273335,24.14600000000001,50.86900000000002,3102.6270007013973,22.950000000000017,68.26407330780839,277.8890561435513,344.97446230278763,94.61498982684446,76.4216225004935,32.63046941487229,9.036660335499159,25.778483025728935,6.690172264195554,18.326296223883258,1.6625966692991085,32.81357117267724,13.691161199585252,23.568572511602316,1.4468884983135428,18.07575309969361,2.310648177819028,4.851977843996505,2.299671335625703,0.005966149546658344,0.8463340187061623,0.10589837054574722,53.33122255740615,44.51023212720849,63.06586669828289,53.566870354949565,72.83696841282271,58.62553530233614,22.881704022358516,37.118185522937694,34.630000000000024,48.545000000000016,61.26904070949927,40.390630406502716,17.973000000000003
18,0.7402211131389125,3633.2691549588762,4498.302927700897,8.87744699632834,27.010000000000016,42.12913266371812,2709.0699929149328,75.57940201635083,120.39530125005967,0.3104755396544132,80.22622303920879,48.74500000000002,2638.8023635960967,24.03100000000001,50.34800000000002,3101.8845017402086,23.463000000000015,68.05421016054864,271.3087248716453,344.4285825518496,94.48745447614778,77.60616374346513,32.846709612804204,8.928504482305206,26.07524158724306,6.577535615226908,17.905303053760058,1.7038570714926677,33.49360768747353,13.740378074276231,23.010205219041236,1.0839765686059077,18.579202607126916,2.332350782455735,4.86017196302335,2.2962172028410714,0.03160585045334168,0.8456543994049366,0.10810506231887647,53.37798699479803,44.48320710580014,63.10386669828289,53.57787035494956,72.90696841282274,58.29753530233615,23.42754446856196,37.97518552293769,34.40800000000002,47.340000000000025,61.16740884679724,41.30798568230156,16.745000000000005
19,0.7763711131389124,3665.169154958876,4553.402927700898,8.63034699632834,26.77700000000001,42.54713266371812,2713.120847061057,74.95240201635085,120.4346987499404,0.31822553965441325,80.74843310142545,48.87600000000002,2643.9865762236627,25.044000000000008,50.53800000000002,3106.1684445324395,23.695000000000014,68.28214444228966,275.9674209908961,344.8017522854764,94.58961216509701,77.40678522844438,32.60195463748421,9.0421705047472,26.355962018121442,6.743038745762914,19.171967582134023,1.7285694601488493,33.15376390283508,13.922965099920836,23.804715248986266,1.421668990102894,18.97789130498628,2.359499587694084,5.004970007922995,2.3294807108881885,0.03160585045334168,0.8456543994049366,0.10810506231887647,53.37798699479803,44.48320710580014,64.59386669828288,54.63087035494956,76.66896841282274,60.27453530233614,22.81654446856196,37.773185522937695,34.79300000000001,47.78000000000002,61.18819276361811,42.57987530622685,16.215000000000003
20,0.7237373425567853,3699.1106643601856,4553.302927700895,8.802523645705598,26.843000000000014,42.22213266371813,2704.772733173348,75.32723757957024,120.4397127151649,0.3196955396544132,80.49507860820982,50.82400000000002,2634.930456639618,22.45700000000001,47.563000000000024,3098.2729899275714,23.09900000000001,68.07996438434343,279.173375812523,343.721058433761,94.64544391537734,78.07163398389193,32.93440910979321,9.0011742557969,26.542518726322523,7.084212216629225,19.24481532359736,1.7507584299908683,33.47585123813656,14.06277908143352,23.75947281963048,1.507378931297772,18.78510933567211,2.37301877546893,4.923272124877899,2.321712084359469,0.008354081162667065,0.8369355150235627,0.1031032065739836,53.60885559663822,43.796446796372095,64.27286669828288,54.63287035494957,71.51985585468442,57.673535302336134,22.966485009727588,37.59418552293769,40.526000000000025,40.89400000000002,61.07331434008164,43.07717026762962,17.625000000000014
21,0.7197673425567855,3661.410664360186,4519.802927700895,8.736323645705596,26.703000000000014,42.43413266371812,2697.763997211004,74.45423757957025,120.39028728483511,0.32129553965441326,79.65598953827482,51.17500000000002,2626.60581045928,26.12900000000001,50.849000000000025,3092.974215713179,22.061000000000007,67.99723967252889,275.5015975848286,342.8737380020071,94.35862272586735,76.11914445340838,32.33525514049521,8.906300731255499,25.781512061762772,6.832408318876143,18.06445531229672,1.6888681016506497,33.19404156771605,13.740564092763561,23.51011552665875,1.0955666274110296,18.34188058585938,2.310031594680888,4.89586789691486,2.3054123662842314,0.018669081162667064,0.8343755150235628,0.09862120657398361,54.22785559663822,43.760446796372094,63.35286669828289,53.63187035494956,70.88985585468443,58.52753530233613,22.602485009727584,37.871185522937694,41.55800000000002,48.49800000000002,60.6057669016664,40.03669072089881,20.124000000000017
22,0.7191173425567854,3711.4733737399993,4510.402927700895,8.677323645705595,26.889000000000006,42.40913266371812,2706.9327649349148,75.39623757957024,120.38381642780713,0.3170855396544133,80.26682842586119,50.86000000000002,2637.5332690301493,25.689000000000014,49.858000000000004,3099.021743190515,23.18500000000001,68.09401504930646,279.3012721802526,344.9345529600891,94.51082519144701,77.18517298323816,32.03584471646834,8.900381928232306,26.13142275630727,6.880233557993655,18.969145760163567,1.656637851949942,33.23699844614266,13.699348423466077,23.551286838201513,1.1694701781127226,18.189823309745396,2.313526542528475,4.868982134037458,2.3106548589641482,0.03953291883733297,0.8288441590391146,0.10991447558800349,53.71935395556595,44.13411397061937,62.9858666982829,53.74387035494957,70.95385585468442,58.16253530233614,23.226960969034185,38.38518552293769,40.62900000000002,46.206000000000024,61.45916225930432,40.84484721549353,17.47700000000001
23,0.7352573425567854,3667.0733737399996,4517.702927700896,8.813823645705597,27.18600000000001,42.01313266371812,2708.932593299772,75.39823757957025,120.3961835721929,0.3310255396544132,80.34688272532465,50.26800000000002,2639.703078198815,25.783000000000015,51.30200000000001,3102.0990700999782,23.205000000000005,68.29315520826707,280.6131244598707,344.821759800433,94.79824144979774,77.1375237814084,32.832819533820064,8.975993058820094,25.941608031778035,6.914045906500993,18.363124875730517,1.734188679691575,33.61889435970995,14.012994750731,23.580809611450476,1.5274753805960783,18.5921666117861,2.3454238276213433,4.9707578877553,2.370169591679553,0.03953291883733297,0.8288441590391146,0.10991447558800349,53.71935395556595,44.13411397061937,62.4768666982829,54.66987035494957,72.12785585468443,56.789535302336134,23.33796096903419,40.0921855229377,38.889000000000024,49.546000000000014,61.86186627418287,41.78301377303488,17.42200000000001
24,0.7919907682542568,3631.713442880414,4465.645955543752,8.853167241661932,26.571000000000016,42.49148876623537,2699.6269752830362,74.97854202027665,120.38502802644712,0.3277217160211194,80.23073723171096,51.86800000000002,2626.320719753476,24.839000000000006,49.99000000000001,3099.102591439308,23.692000000000007,67.84894602180864,259.5626399722871,338.80915504700306,94.64175709785744,77.0284965612377,31.80848850481748,8.935707556972131,25.48338952630691,6.853623335625517,19.226870501857565,1.6867663749920858,32.94039177620508,13.71459569893025,23.73776593208489,1.035524402492428,19.211777149444227,2.28775440535439,4.93003804308594,2.309799998397036,0.017553739259674878,0.8242900864041697,0.09251341473277921,53.08875467149403,44.26258243461293,63.35638149019525,53.21653259340972,77.69072353584896,58.38358527836776,21.450946399046664,39.31648299813777,43.597000000000016,46.511000000000024,57.568669392457046,40.91939541403842,16.271000000000008
25,0.8098107682542568,3592.213442880414,4406.545955543752,8.73036724166193,26.846000000000014,42.09748876623538,2705.1234477844896,74.85554202027666,120.394971973553,0.30406171602111937,80.62634661468918,52.09200000000003,2633.752696001479,25.749000000000002,50.988000000000014,3103.441834580796,23.05900000000001,67.78290589508171,261.9382130842057,339.2549359922509,94.49055402989973,78.49909661899362,32.26702262468529,8.83401259607402,26.453952366570515,7.0588581156892065,18.87141356416493,1.7345861013927704,33.349486560531524,13.834992504480986,23.56128161143424,1.1578915959149572,19.10657632258094,2.3310286934024256,4.9586245356628975,2.308814576310886,0.017553739259674878,0.8242900864041697,0.09251341473277921,53.08875467149403,44.26258243461293,63.071381490195236,53.011532593409704,79.72472353584898,57.14858527836776,21.87994639904666,36.54448299813777,44.25800000000002,48.82100000000001,57.9624762594317,41.533133639033096,17.694000000000003
26,0.8100607682542569,3642.360432345191,4381.745955543752,8.875567241661933,26.859000000000016,42.20648876623537,2702.7705529726563,74.07954202027665,120.4070008940204,0.30426171602111934,80.63536699837361,50.28800000000002,2631.0991586934133,24.221000000000007,50.11000000000003,3101.387843508219,22.75000000000001,67.83365724216542,262.24700212931447,339.134367645391,94.61120670184629,77.91080671627847,32.10356157085484,9.062663954122023,26.106428517359042,7.1410515350614565,19.308099657160305,1.7802681940982772,32.29877305430128,13.917270991480502,23.633740553957626,1.2560215263338128,19.18585537150689,2.2928826962502193,4.974639489838326,2.277842834182909,0.022944260740325132,0.8300147010597607,0.09776795327613778,52.99404114225853,44.29213550160926,62.59338149019523,53.309532593409706,79.69972353584897,58.255585278367775,21.69057933030374,36.52048299813777,38.94900000000001,46.78800000000001,57.698646031295716,41.451125739298604,18.417000000000012
27,0.7988607682542568,3631.4604323451913,4407.545955543753,8.805667241661933,27.060000000000016,42.279488766235374,2698.8248648799945,74.89754202027666,120.37299910597972,0.3297917160211194,80.06550797364322,50.04700000000002,2625.54218987498,25.00400000000001,49.63900000000004,3097.994084127885,23.505000000000013,67.6876033993977,262.09684294370203,340.00828123166303,94.64410442591081,77.53161944066903,32.05794955864793,9.033256198924132,25.91791337551839,6.833067013623823,18.897184408862188,1.650684282286578,33.167105282435344,13.790317211930732,23.379665151472015,1.0228944720735724,18.980498100518275,2.328700402506596,4.907523088910512,2.255071740525014,0.022944260740325132,0.8300147010597607,0.09776795327613778,52.99404114225853,44.29213550160926,62.98538149019524,53.044532593409706,78.51672353584898,57.844585278367774,21.176579330303746,39.09148299813777,38.238000000000014,45.69800000000001,57.726995609253784,41.03940331377294,16.65000000000001
28,0.7793897881234547,3624.312508900925,4382.845955543752,8.84097214822495,26.998000000000015,42.46948876623538,2704.159242857389,75.29776002471039,120.3741177243935,0.32951171602111945,80.14993504422269,50.01,2632.45374272447,25.81500000000002,48.91500000000003,3100.5081155960997,21.15800000000001,67.85420770958882,264.34646151915706,341.17591222075356,94.71991824715224,77.0755525565336,32.202016391738354,8.845610445517918,26.315560512554868,6.820652681498362,19.430545210149543,1.6986941531876973,33.09294387758161,13.707275929994559,23.543845556676985,1.2049843568139953,18.076439545102776,2.3374746409163594,5.0075144209731075,2.2915861088263463,0.008942095343925477,0.8301610857028262,0.10014526947820644,52.893542528613594,43.51571087505125,63.13338149019521,53.34053259340972,76.34255600379514,55.921585278367765,22.201387900086846,39.126482998137774,38.12900000000002,44.022999999999996,58.06381206594645,40.46272557121123,22.23600000000001
29,0.7752297881234548,3672.812508900926,4401.745955543752,8.78567214822495,26.886000000000013,42.42148876623538,2701.3180118155547,74.83776002471038,120.38588227560666,0.32177171602111937,79.97791425195838,51.61600000000001,2629.1523876941906,26.515000000000015,51.79600000000003,3097.7283605486364,22.858000000000004,67.76718022172915,264.10314587946505,341.4302715907358,94.71839288060482,77.25076640981244,31.9204947377644,9.016309707528235,26.37022183212374,6.7176519106085175,18.93873885587296,1.7449583231971566,33.38072815299876,13.83331227341668,23.947496563357078,1.0640316415933904,18.63813043895907,2.3538084578404543,4.9197292041077,2.328470531980716,0.008942095343925477,0.8301610857028262,0.10014526947820644,52.893542528613594,43.51571087505125,63.59638149019522,52.88653259340971,76.85855600379513,57.58158527836776,22.22438790008685,38.83548299813778,42.85600000000002,50.691,57.96928421372847,41.38080348186033,18.238000000000007
30,0.7750097881234547,3650.0613663246804,4378.245955543751,8.890172148224949,26.942000000000014,42.15048876623538,2698.1256365654503,75.1557600247104,120.3882003380732,0.3243517160211194,79.90346691173903,51.14800000000003,2626.8998375307715,25.446000000000016,49.008000000000024,3097.6383698876916,22.44600000000001,67.72496499320869,265.5544028104615,340.84726486300957,94.54796088698093,77.00746174189308,32.21325930538766,8.740941309587422,26.341893709586586,6.818775700538,19.593009408677293,1.7312137693008234,33.68847372384336,13.857596359679459,23.576653563705317,1.2131154369939563,19.01485699723817,2.3420330805138794,4.94898491198995,2.3457434148706375,0.013851904656074526,0.825000873223489,0.09396255927694995,52.945253285138946,43.18557118872661,63.55238149019522,53.1675325934097,76.88055600379515,58.24358527836775,22.138529124001398,38.52048299813777,41.47900000000003,44.23800000000001,57.98665409409441,40.67954604870409,19.23800000000001
31,0.7784997881234547,3663.7613663246802,4392.845955543751,8.733072148224949,26.82200000000001,42.41748876623537,2702.2043696663764,74.84976002471039,120.41179966192686,0.3140017160211193,80.21232273462888,51.603000000000016,2630.882147228001,25.316000000000013,49.59800000000003,3097.077096275033,22.88100000000001,67.67931229554969,265.638913010834,341.3270206665234,94.59335024077619,77.82523862893979,31.889251824115068,8.940078843458734,26.275888635092002,6.850919707355137,19.0392746573452,1.7334387070840305,32.880198306737014,13.643991843731783,23.916194547948788,0.7555005614134283,18.425712986823676,2.3255500182429354,4.997558713090857,2.3217132259364255,0.01964190465607453,0.840180873223489,0.10114255927694994,53.59525328513894,43.985571188726624,63.75638149019523,52.87453259340971,76.58755600379514,56.383585278367754,22.018529124001393,36.77048299813777,42.81700000000002,45.60500000000001,57.93568573789468,42.311983004367455,18.20100000000001
32,0.7209524947294523,3622.428243787625,4520.405210738196,8.742756620290658,27.133000000000003,42.13515298629476,2699.0020208341566,75.17835206104033,120.42621502023684,0.31480211033264127,80.42998282268042,49.72000000000003,2627.733209568941,26.045000000000005,49.73600000000003,3097.045140378435,24.004000000000012,67.87935053938881,266.73020590182426,339.1577203468287,94.62715150923763,77.70433379705275,32.52093212137129,8.776456023095058,25.79956969081396,6.882003660194744,19.37494532353554,1.7763008605125774,33.15299067289911,13.867262960269,23.737461466720227,1.2656255552524909,18.440491955552496,2.3446437344083306,4.850622551432835,2.2903985935009827,0.020639111762014682,0.8425776908782268,0.10216262097762452,53.16060953852282,43.19191356523569,63.536270482781106,54.026835095700314,70.954880360642,57.979741608395685,21.94612308546988,37.89937083312923,37.275,45.92300000000003,57.839596278131516,42.435432986416544,15.513000000000009
33,0.7195224947294523,3687.0282437876253,4524.105210738197,8.805556620290657,26.728,42.10415298629477,2697.350931927228,74.34435206104035,120.37378497976326,0.3247021103326412,80.2753188599558,50.86500000000004,2626.4155939036314,25.020000000000007,49.71500000000003,3095.2846343943643,21.97500000000001,67.83877936699199,264.521872341848,338.4408400592804,94.43281036064836,77.2819176016065,32.30802072794749,8.84565419888012,25.992426396537077,6.737387522800763,18.121862960142586,1.6624798000016943,32.3459272104744,13.79240211579969,23.249572562803714,1.09802265498927,18.415448089811626,2.326049647419144,4.770536197503164,2.291776172646387,0.020639111762014682,0.8425776908782268,0.10216262097762452,53.16060953852282,43.19191356523569,62.97427048278111,53.47483509570031,70.895880360642,56.48374160839569,21.965123085469877,38.72637083312923,40.645,45.87300000000003,57.507354182885855,39.49946669108236,20.316000000000006
34,0.7228824947294521,3703.1889891860133,4509.905210738197,8.888956620290656,26.861000000000004,42.183152986294765,2693.084772811192,74.65335206104034,120.42248836318088,0.32399211033264114,80.44924335692905,49.76700000000002,2621.671740795471,25.369000000000007,50.42400000000003,3092.8803699441523,22.876000000000015,67.81016275521289,262.6087986869717,338.2684954541013,94.58984180104747,77.98973725740723,32.68939177626552,8.963844736134225,26.451625988456147,6.848274951370884,18.669417754497992,1.735236537839319,32.56179832509797,13.88577246196155,23.557847807405793,1.4662869785880819,17.89477817783601,2.3403004905030005,4.855566949196958,2.2360529318683193,0.013734888237985342,0.8333317469341647,0.09901106595729758,53.07766051537568,43.59211280676698,63.647270482781124,53.64383509570032,70.56588036064198,57.59274160839569,21.189250452202792,38.81337083312924,37.415000000000006,47.51500000000003,58.335595939499775,41.70583535444362,18.164000000000005
35,0.7161424947294521,3675.9889891860125,4491.105210738196,8.772456620290658,26.648000000000003,41.95015298629476,2694.8594038304755,76.27435206104035,120.42751163681923,0.31030211033264116,80.5425168056711,51.323000000000015,2622.456895240157,25.18400000000001,50.87100000000003,3095.418965668404,23.731000000000012,67.8529001718678,262.82417885577127,337.4765856013279,94.53912006883851,77.31708523064788,32.39356107305325,8.723965485840955,25.846370098894877,6.983633865633617,18.59239052918013,1.6920441226749523,32.72111955827555,13.812892614107136,23.68340357534351,1.132661231653679,18.809161867528097,2.3107928913244744,4.77809179973904,2.284221834279049,0.013734888237985342,0.8333317469341647,0.09901106595729758,53.07766051537568,43.59211280676698,62.25927048278112,53.904835095700314,70.866880360642,56.667741608395694,21.396250452202786,36.28337083312924,41.992000000000004,48.550000000000026,58.24533811040819,41.32006432305529,16.166000000000007
36,0.7199001286292996,3613.1461424056515,4481.205210738195,8.760005541342762,26.87,42.166152986294776,2694.247051206908,74.86787472884932,120.40593644054012,0.30616211033264124,80.39501884280993,49.002000000000024,2622.5608467175693,24.95800000000001,49.86400000000003,3091.931682605391,22.206000000000014,67.95673342060846,267.2354052935687,337.7067698651214,94.8870048276945,77.34751784130593,32.24473106586116,8.974301487700734,26.053594473596103,6.803849422809779,19.10148477858329,1.7133168249885335,33.327012958282694,13.964109406729326,23.9715217085122,1.265316425922747,18.536967724185498,2.2970677054499964,4.914657452456635,2.3457428341107147,0.013841128167545683,0.8177323276673419,0.10262081983109297,53.287244445130234,43.78889673524554,62.45027048278111,54.023835095700306,70.88427849862917,58.57174160839571,21.80697993977788,36.78837083312923,35.162000000000006,46.21900000000004,59.24206886686378,41.347422282667026,19.773000000000007
37,0.6960101286292997,3682.746142405651,4500.005210738194,8.67710554134276,27.177000000000003,42.003152986294765,2691.2614939649825,75.58687472884931,120.38406355946002,0.3297421103326413,80.3021984293212,49.724000000000004,2618.863112601009,23.86600000000001,51.11300000000004,3092.4826967548734,22.203000000000014,67.85940768441392,265.3384607651372,336.86786012266623,94.50795704219156,77.00171481638186,32.23822178345759,8.755808734274451,26.187556976229917,6.886588267375241,18.162323505094832,1.6896638355257376,32.345201161690895,13.752555669339364,23.279175759451796,1.3596317843190133,18.293093301313245,2.3097256763774787,4.822478641628911,2.2953665512419117,0.013841128167545683,0.8177323276673419,0.10262081983109297,53.287244445130234,43.78889673524554,63.02227048278111,54.326835095700304,67.99127849862917,59.07174160839571,21.414979939777883,39.09537083312923,37.288,49.11000000000004,58.75876198670756,40.257477394831895,19.86000000000001
38,0.6934901286292997,3710.971090567988,4522.405210738195,8.75570554134276,27.141000000000005,42.45515298629477,2691.76784843401,74.74587472884933,120.39085637307296,0.32773211033264127,80.26742301722058,49.236000000000004,2621.113821324746,23.453,49.396000000000036,3090.8781627288618,24.276000000000014,67.9423309200845,264.8030069276337,338.13413217656915,94.50622380807482,77.35253824663549,31.998901259021196,8.935877092788445,25.614327242488464,6.755690870404121,18.49334338089493,1.6862400162351348,32.71780777023062,13.845968885237662,23.805485315080436,1.1407486440534664,18.813941587227774,2.3427888349835584,4.815801722303981,2.390083699045681,0.023948871832454338,0.8348336176706199,0.10058108266131514,53.54902560876829,44.021076892751836,63.36627048278111,54.05883509570031,68.2382784986292,58.178741608395704,21.392306337209128,39.34037083312923,35.85,45.13600000000002,59.086378804547984,40.70789609085474,14.929000000000007
39,0.7783901286292997,3663.471090567988,4505.205210738194,8.879405541342763,27.190000000000012,42.66115298629477,2689.998955777631,75.01787472884932,120.41914362692718,0.3135321103326413,80.30219521633657,48.622000000000014,2618.7903893977373,25.036000000000005,49.77600000000003,3090.3996498564766,23.321000000000016,68.01030499142708,269.44232989429855,337.8374173273898,94.75473806181122,77.16630298239095,32.239051590297564,8.751533129186736,26.29182420733754,6.961871439410875,18.404464902783193,1.648840644279137,32.781406349742966,13.782696190831027,23.488062309044718,1.4616995661882943,18.288119438270968,2.3476045468439164,4.891634371781565,2.290425686306945,0.023948871832454338,0.8348336176706199,0.10058108266131514,53.54902560876829,44.021076892751836,62.845270482781096,53.73783509570031,76.13827849862918,56.9457416083957,21.305306337209124,36.35537083312923,34.044000000000004,46.01500000000002,59.02564141957313,40.80800358664418,17.192000000000007
40,0.8086882865981051,3625.305701951947,4474.919826314726,8.754951169400606,26.83000000000001,42.047858358757885,2708.8956829646772,75.19942413112106,120.41026746117755,0.31450850323664736,80.47149765796155,50.92,2636.989952103991,25.959000000000014,50.27000000000003,3106.925237002808,22.274000000000008,67.72877606803819,257.04866857363874,339.5891655531011,94.54968432828696,77.2434247158645,32.4686339588867,8.931756197539386,25.764339982900214,6.920289877577469,18.162646282100926,1.65133513254463,32.446405880947516,13.766517660681416,23.51073206333278,1.007506717928858,18.5222417097147,2.3565978057714356,4.903447078855633,2.3003773254287245,0.023712029835949715,0.8140794618537812,0.10944605602424565,53.407144344509966,43.505245756149094,62.99241858385669,52.96682262768922,79.63493192201389,57.073184125699896,21.67756137194086,37.525535397722045,40.809000000000005,47.15800000000004,56.934595957509565,41.368069231260115,19.619000000000007
41,0.752008286598105,3702.9057019519464,4487.019826314725,8.818251169400604,26.96300000000001,41.97185835875788,2709.0711907663385,74.65742413112106,120.39973253882256,0.3216485032366474,80.69762186148915,49.741,2637.7632423590544,22.34100000000001,50.84200000000002,3106.533866296464,23.019000000000005,67.6801115801129,258.3604220066588,340.20027770996535,94.58746558161022,78.33414909751508,32.16349495405538,9.151567294329361,26.224298622406817,6.80109382251897,18.96782488110866,1.707647354623767,32.63969607343572,13.999521705255841,23.440958052094217,1.5233362100885812,18.224663436241514,2.363735172197155,4.927195521651088,2.3326869743295835,0.0001652298359497116,0.8374394618537813,0.11517805602424566,53.05614434450997,44.78124575614909,62.79941858385669,54.28382262768921,74.07093192201387,56.796184125699895,21.758561371940864,38.96253539772206,37.338000000000015,48.48200000000002,56.443630930452166,41.457681413574285,17.837000000000003
42,0.7512382865981051,3619.122754284503,4525.119826314725,8.793051169400606,26.82600000000002,42.58885835875789,2704.0816452197837,74.51142413112106,120.40767739928695,0.3252785032366474,80.39273986433223,50.76300000000001,2632.721474926591,23.524000000000015,48.93800000000004,3100.6607315740944,22.31100000000001,67.72802076533888,256.1292190564164,339.7042058619254,94.5483719448775,77.21851530880782,32.17622398117946,9.22449826830936,25.848651025139713,6.9524577744463665,19.13727613930644,1.7288366993822428,32.64821968081837,13.79248323356373,23.719915524524957,1.2954508850514708,19.1821614006116,2.320601270124742,5.012421303106613,2.344372177446054,-0.009468829835949714,0.8180499881266121,0.10162916744386251,53.031491387639036,44.11693921975659,63.64241858385669,53.82782262768921,74.14593192201387,57.2951841256999,21.317731849965135,38.51953539772206,40.34600000000001,44.07600000000002,55.62538098991567,42.06493165585178,19.541000000000007
43,0.7454082865981051,3646.122754284503,4414.219826314724,8.641951169400606,26.97400000000002,42.621858358757876,2698.456262547626,74.02442413112104,120.39232260071306,0.3327485032366474,79.84128525421373,49.871000000000016,2626.539041859334,24.19900000000002,49.250000000000036,3098.504014849306,22.594000000000012,67.60954663913425,255.41881796663472,339.39026639756605,94.67077796501967,76.63685515670453,31.91890493176261,8.89712522355939,26.00498758016732,6.661758525457208,19.18519502390315,1.6906457877861538,32.43088227356486,13.990556132373529,23.15606547674014,1.2098920429659679,18.103743745344627,2.362331707843847,4.913721297400107,2.277592122312254,-0.009468829835949714,0.8180499881266121,0.10162916744386251,53.031491387639036,44.11693921975659,62.37741858385669,53.18282262768921,73.42493192201387,59.2801841256999,21.38673184996513,39.673535397722056,37.719000000000015,44.79700000000001,55.48953153125997,40.90581898898263,18.92100000000001
44,0.723025416834771,3606.0085759812914,4423.9198263147255,8.76601016738557,27.192000000000004,41.91185835875787,2702.6349357613785,75.3369145588949,120.40215668421386,0.3327785032366473,79.85434802073513,49.13500000000002,2631.6390513361143,26.21700000000001,49.21000000000002,3099.924042280844,23.09600000000001,67.58694505812201,260.27632198133205,340.48091266967,94.67736864033645,76.52049972745021,31.891444936083634,8.73434684965267,26.263079693059826,6.949821560837878,19.06864298291136,1.7040389809698175,32.775347246835445,13.837401880999069,23.16546938295863,1.2289093277910168,18.44185426764236,2.3381675217745155,4.879581212191808,2.3266845624841195,0.002547820980739525,0.8225462563904977,0.11446780326632736,52.914212189645696,43.384050805500614,63.20441858385669,53.066822627689206,70.9955535823453,61.14418412569988,22.328722750546383,39.67053539772206,35.55500000000002,44.706000000000024,55.75345006173821,40.80368047686464,17.756000000000007
45,0.7792454168347709,3671.0085759812914,4377.619826314724,8.77371016738557,26.599,42.085858358757875,2703.6034998103764,74.2299145588949,120.3978433157862,0.32742850323664735,79.80493844265061,50.40300000000002,2632.8587521194972,26.722000000000012,51.18600000000002,3100.147822596294,22.836000000000006,67.50560241912808,258.54032625570466,340.8173496291211,94.64778126956065,77.34208488268177,31.94168397685844,9.139876642216077,26.520983122351307,6.850833747139677,19.124828180298227,1.7323435061985797,32.79321046966597,13.84063748493818,23.68587144963031,1.2403336002264216,18.811117981956468,2.3275654561940753,4.91609291133885,2.32773940187542,0.002547820980739525,0.8225462563904977,0.11446780326632736,52.914212189645696,43.384050805500614,63.2974185838567,52.595822627689216,76.88155358234529,58.539184125699876,21.833722750546386,38.83953539772206,39.28700000000002,49.27900000000002,55.97372204739743,41.201070167969775,18.372000000000007
46,0.7810754168347711,3672.21988025516,4390.319826314724,8.728010167385568,26.99800000000001,42.55385835875788,2707.041673705771,74.62691455889491,120.40730003898575,0.3273785032366474,80.43412093452841,49.744000000000014,2635.4533389284848,25.53600000000001,48.969000000000015,3104.9051467924637,23.766000000000005,67.62885679300312,261.96773504635087,340.34859991137927,94.60597616144314,77.75161015448847,32.264307468839185,9.017844475287193,26.31552333993216,6.931007796073992,19.161844216845,1.737132096499769,32.931585011636805,13.792949682554545,23.590248143564825,1.2312264799897183,18.163332288560326,2.3369441572209895,4.903451269378207,2.2985272099110885,0.010405379019260481,0.8252272706601901,0.10731129062346696,53.29642354250331,44.083764218593785,63.60341858385669,52.44382262768922,76.7015535823453,58.059184125699886,21.752650214532647,38.84553539772206,37.34800000000001,44.14800000000003,55.931637523623884,41.00921395144195,16.159000000000006
47,0.750765416834771,3631.0198802551604,4441.419826314725,8.886110167385569,26.930000000000014,42.10485835875788,2708.765421212471,75.20591455889492,120.3726999610143,0.31872850323664736,80.70873605398566,49.91300000000001,2636.779745684829,24.390000000000008,49.593000000000025,3104.9438907700387,23.86800000000001,67.57359838884751,261.3622841612481,340.3278502347328,94.68417374845394,77.3427495142715,31.731821444102884,8.958479016581558,26.25653947547897,6.9789368959484595,18.581626946364597,1.660650390668628,32.77297270486462,13.811089683382702,24.008998980187574,1.2661164480277203,18.2306399610385,2.3493888207476012,4.840122854152449,2.3570967544484516,0.010405379019260481,0.8252272706601901,0.10731129062346696,53.29642354250331,44.083764218593785,61.576418583856686,53.01182262768922,73.97855358234528,55.50418412569988,22.15665021453265,38.62453539772207,37.84500000000001,45.59200000000002,56.362489679505124,40.624536693392486,15.845000000000008
48,0.7936760801628819,3627.0676227971767,4497.397523409769,8.861106029174104,26.96700000000001,42.201552542884265,2708.6169628584958,75.76430644307392,120.40385320809615,0.3208429756946548,80.57522984128912,50.389000000000046,2637.97978867375,25.04000000000001,50.340000000000025,3102.4062344721306,22.80100000000001,68.00477126780653,270.2391319208691,342.99186495211774,94.74222168964087,77.57227682942482,32.406208141258254,8.932909064513483,26.042354992807965,7.027024175884199,19.34589329577248,1.738268258682876,33.59675912837453,13.767658806620203,23.649098129270893,1.2781903777005765,18.990737679525534,2.3483841937399355,4.935113150801191,2.321158867553921,0.020675103539469313,0.8389370408533309,0.10718867385026586,52.80409931257822,44.451341609398064,62.21528198189719,53.002537960658884,78.26258829816994,56.79108140269932,22.8094567139594,38.020181429944614,39.24500000000002,47.32000000000002,59.550387032230844,41.722848830119396,18.367000000000008
49,0.8114360801628819,3676.867622797177,4415.197523409768,8.887006029174104,26.929000000000006,42.311552542884264,2705.1577171579065,73.9103064430739,120.39614679190394,0.31807297569465487,80.31704378378518,48.31300000000004,2633.7492168053445,23.350000000000012,50.25300000000002,3100.6213547651223,22.95000000000001,67.93396665893975,266.38359503770357,342.74631912236595,94.60062572568475,77.13427017717981,32.14874451581934,9.008137666494958,26.069283763539843,6.780727510765711,18.663396084021546,1.6700452214927946,33.48982323909509,13.747107986349137,23.46549876993122,0.9511916022985738,18.856253510199384,2.342950109476303,4.887948151352235,2.307383874278941,0.020675103539469313,0.8389370408533309,0.10718867385026586,52.80409931257822,44.451341609398064,63.49828198189719,53.799537960658895,79.92758829816997,56.47908140269931,22.1534567139594,37.582181429944626,33.136000000000024,47.11900000000003,59.4995784904209,41.32769332494589,18.005000000000006
50,0.8127460801628817,3685.054365830712,4426.197523409768,8.725106029174103,27.221000000000004,42.57755254288427,2709.2695554934908,75.0613064430739,120.3854205614806,0.31446297569465487,80.45082061905953,48.26400000000003,2638.3952565477052,27.494000000000014,48.71500000000003,3104.013613410235,23.258000000000013,67.98103308123292,265.0512060622554,343.21947165555747,94.50550665511736,77.69712185633706,31.93079694524063,8.959806209622318,26.158385844185165,6.817363231374799,19.35904747395592,1.7382096105281482,33.499669535878816,13.921129551411351,23.55980842823454,1.1187797815184155,18.88691980935735,2.3139883807819994,4.973478875757435,2.317524880828623,0.014534896460530706,0.8537022187227021,0.10598654641580856,52.776668143082304,44.51082912384661,63.1152819818972,53.66753796065888,79.79858829816993,58.1830814026993,22.427323598520573,38.023181429944614,32.99200000000001,43.56100000000002,59.46811511717993,40.098663112756206,17.308000000000007
51,0.804846080162882,3597.254365830712,4419.7975234097685,8.836506029174103,26.841000000000008,42.43755254288427,2707.2056819893814,73.49730644307391,120.4145794385195,0.31978297569465486,80.19032650077918,49.03200000000002,2635.725375353801,25.04800000000001,48.913000000000025,3104.0324287580697,22.400000000000016,68.00948056586388,271.02056279493166,343.00388955992497,94.82534076020835,77.11244942892363,32.33715571183696,9.070640521386117,26.28625291216264,6.960085081975304,18.816241905838105,1.6894038696475218,33.2529128315908,13.76563724155799,23.480676459474665,1.1447021984807348,18.981071380367567,2.3359459224342394,5.047482426395991,2.3368178610042394,0.011507896460530704,0.8497322187227021,0.09397054641580856,53.773668143082304,44.37082912384661,62.82828198189719,53.68953796065889,79.12458829816995,59.2480814026993,22.731323598520568,38.59018142994462,35.25100000000001,44.01800000000003,59.48164847199292,42.054879042309075,19.380000000000003
52,0.7518105036895615,3605.8532946275946,4420.497523409769,8.842360642063209,26.451000000000008,42.61855254288427,2709.638097088127,75.58067523237938,120.39196684118184,0.32321297569465474,80.00831467038223,50.68200000000002,2639.0958017950566,27.224000000000004,48.97100000000002,3105.0386749713575,22.98900000000001,67.8315351964689,272.5894955891602,344.2627754922968,94.68728047482632,77.07021044318623,32.11203110960143,9.047209140908933,26.13672194986984,6.629399592287883,19.334203190567997,1.7303269551708185,33.53344452345385,13.893052466037622,23.746390670706695,1.1119686777288098,18.445180878351465,2.3418227781943104,4.900591342875375,2.3373535953693825,0.02143058872849265,0.8455007017476642,0.10264586070248874,53.71649049475137,43.478160665031375,62.855281981897214,53.68153796065888,73.74899440153968,58.47108140269932,23.033671308740413,38.17218142994464,40.108000000000004,44.15200000000003,58.8785459516873,40.976949027374374,18.00500000000001
53,0.7890005036895613,3698.3532946275946,4412.697523409768,8.868960642063207,26.83700000000001,42.47755254288426,2712.655080410888,74.51667523237938,120.37803315881831,0.3360329756946548,80.40299947873727,49.590000000000025,2642.720184843372,25.563000000000002,51.21300000000002,3106.741264989247,23.158000000000015,67.76187886573462,268.9762540631063,344.13798768756044,94.71456694049938,78.1997616208362,32.051921547476155,9.040237590099505,26.466179134871222,6.836179689978787,18.99908618922602,1.7335865250048517,33.70475710126064,13.819714326931722,23.512925504686535,1.4339133022703405,17.957748325027424,2.3257115250219274,5.04535615064421,2.307130654329689,0.02143058872849265,0.8455007017476642,0.10264586070248874,53.71649049475137,43.478160665031375,63.78528198189721,53.32453796065888,78.09799440153967,57.34908140269932,22.93067130874041,40.02818142994463,36.894000000000005,49.34200000000003,59.25861299333987,40.41859312769091,17.610000000000007
54,0.7896805036895617,3698.668694000295,4458.09752340977,8.815360642063206,26.92700000000001,42.269552542884256,2704.0017873751426,74.68467523237938,120.42121431524609,0.33532297569465486,80.16765968218378,50.91700000000003,2632.8467687899747,25.302000000000007,51.38400000000001,3096.9736462161736,22.624000000000013,67.92293479693113,271.22707686385434,344.4311497597282,94.4417296998897,77.39973234288279,32.17120140480954,8.794660233936325,26.32695892957941,6.993809005203913,19.226764370404684,1.7215185459014788,33.44309677315068,13.826460996722293,24.13349161308632,1.1096484599038332,18.8750885579005,2.326054565999686,4.88715160214655,2.3187469446785225,0.007725411271507364,0.8505453909988394,0.09779464736724598,53.85827696090913,43.67566860172405,63.669281981897214,52.780537960658876,78.03099440153967,58.87808140269931,23.038025343869318,40.115181429944634,40.798000000000016,49.73600000000001,59.12399208139352,42.142156180281724,18.795000000000016
55,0.7658905036895617,3633.4686940002953,4395.19752340977,8.758360642063208,26.68000000000001,42.05755254288425,2702.6505374552366,74.39567523237936,120.40878568475398,0.3234529756946549,79.84365744060374,49.25000000000003,2631.3191956199535,24.833000000000006,49.15100000000002,3096.5326417922697,22.865000000000013,67.86971646218926,270.20071813668494,344.1649078358564,94.48211771543599,77.0524138849601,32.35975125226807,9.127386497072115,26.29194215516166,6.78181171252943,19.24152500938934,1.7454949342741917,33.83110485156383,13.833305796247057,23.882257877102795,1.4569335200953173,18.440840645478378,2.3598797372165516,4.878295891373033,2.3315373050205497,0.007725411271507364,0.8505453909988394,0.09779464736724598,53.85827696090913,43.67566860172405,63.67628198189722,53.46953796065887,75.83999440153967,57.12808140269931,22.85802534386932,38.996181429944635,35.893000000000015,44.570000000000014,59.25806048763554,41.30238597478358,18.24200000000001
56,0.7534082751041321,3692.195272771132,4524.519752262622,8.868076517249222,26.880000000000017,42.24241309004583,2703.8744488009315,75.50710874583785,120.41182288961531,0.31621191080041827,80.55451700929437,50.65400000000003,2633.9963287308888,24.886000000000006,47.83700000000003,3102.233001469323,23.59100000000001,68.11247147709408,273.2578603995083,340.41117531668607,94.43808837608529,77.29636232981832,32.4414816252015,8.828821898746234,26.086766649874885,6.783593396664599,18.848358368497834,1.6944722498481908,32.633970829918,13.852920169956846,23.36070486128468,1.338629277179608,18.69926008247745,2.302994729855289,4.829633051113492,2.3115577889777006,0.0224565073698029,0.839907090720291,0.10235602204228772,53.590756153328286,44.350037677966824,62.953746100482,54.345964257738665,73.74409830281695,59.044603918286334,21.671179248687878,37.831399101294714,40.025000000000034,41.529,61.42643289027955,41.25781915733255,16.555000000000003
57,0.7436582751041322,3703.5952727711315,4569.219752262623,8.871076517249222,27.267000000000017,42.17841309004584,2700.676493744687,75.15110874583786,120.39817711038481,0.32148191080041827,80.50663147213821,50.98400000000003,2630.7661390095323,24.947000000000006,50.85700000000003,3099.771221256238,23.222000000000012,68.20156742907214,280.05852853568996,340.956593130867,94.54963521776085,77.4767597971267,32.555780055781604,9.26165692748621,26.158332043863883,7.0055894546593835,18.704586095001723,1.6997404774109057,32.83199030338557,13.831541238085762,23.788669327030334,1.3345211701581012,18.93720626168988,2.3567959520519306,4.935325276620387,2.3130030278084215,0.0224565073698029,0.839907090720291,0.10235602204228772,53.590756153328286,44.350037677966824,63.628746100482,53.390964257738666,73.46009830281696,57.83560391828633,22.035179248687882,38.486399101294715,40.99500000000003,48.517,61.37157150278687,41.32884359584608,17.385
58,0.7474882751041321,3714.1159394767014,4546.1197522626235,8.810076517249223,26.92700000000001,42.41841309004583,2700.0814551868116,75.47710874583785,120.40644241415286,0.3211019108004182,80.44891529012469,48.78800000000002,2629.3200972463947,24.935000000000006,51.09000000000003,3099.4391663875417,22.772000000000002,68.25764374123553,279.56534351646644,340.2045057656514,94.45891561899921,77.21719110495374,32.967606774377046,8.82667099392441,26.245679273023384,7.067549530610449,18.837424435785465,1.758160288031502,33.14496213916558,13.806646791177794,23.773323231728725,1.16037392390896,18.736853920979797,2.359400092589254,4.966944351421525,2.261799960376019,0.03717749263019712,0.8345228185107634,0.11386809857087966,53.77320981267238,44.38388082253417,64.025746100482,53.66796425773866,73.08309830281695,56.78660391828633,22.340336541983508,38.5323991012947,34.535000000000025,49.056999999999995,61.93502168744941,41.613378001133675,18.467000000000006
59,0.7675882751041321,3644.9159394767016,4515.519752262623,8.780776517249224,26.651000000000014,42.46841309004583,2700.5280857477137,74.41310874583786,120.39355758584715,0.3254019108004183,80.62474029490835,49.865000000000016,2630.244091417694,24.554000000000006,51.91100000000003,3096.790137665172,22.609000000000005,68.30663022384111,277.6140718048923,340.52423869598937,94.57480797484698,77.28950578499183,32.391654906606036,8.990107832308038,25.891419420715394,6.771567618065577,18.175520027714093,1.685652439227595,32.12799899413799,13.688814616864821,23.813619222574175,1.4342765234287491,18.343612423187544,2.3175905893179656,4.849613976312355,2.245760856410103,0.03717749263019712,0.8345228185107634,0.11386809857087966,53.77320981267238,44.38388082253417,63.967746100482,54.174964257738665,76.01209830281695,57.75360391828633,21.943336541983502,38.637399101294704,37.70300000000003,50.957,61.73608416120716,41.25028475204494,18.883000000000003
60,0.7425126588844261,3700.5718496643503,4540.019752262623,8.683989413488213,26.94200000000001,42.10741309004584,2692.0938220126613,76.3156441173009,120.4313812486942,0.32635191080041837,80.22057207088966,49.18200000000003,2620.410397545282,24.952000000000012,50.73500000000001,3091.716127119077,22.365000000000002,68.367251086162,275.40929566690966,339.090909976112,94.52710971378819,77.1148350637166,32.758087070318865,8.727152131934451,25.50547541660195,6.804557320142957,17.94411671386011,1.751266848943659,32.8201985222721,13.682213624460909,23.554125655599847,1.2211707095478086,18.647030342455427,2.3479313267743573,4.891004380105369,2.333314205310401,0.023189997206199277,0.8297562337144814,0.10532386313014457,53.71892871892833,44.47544428906156,62.820746100482,53.881964257738666,73.14279046397502,59.13860391828634,21.428566817668933,38.52039910129469,35.69300000000001,48.234,61.80955514366801,41.84550905015675,19.44700000000001
61,0.687762658884426,3684.6718496643507,4545.019752262623,8.803989413488214,27.31100000000001,42.22541309004583,2690.763161107828,74.9386441173009,120.40861875130595,0.3029219108004184,80.1382573383462,49.916000000000025,2619.737284411181,23.713000000000008,49.34000000000001,3089.565646574446,22.461000000000006,68.17822251553493,281.3495897433646,339.1167378870804,94.66461388005796,77.5487390335988,32.29517461066423,8.854226694297987,26.55159203555886,6.920522179945437,18.563827749639437,1.6495458783154373,32.186063088269925,13.935247783581703,23.467975572948596,1.2123797377899008,18.909033968830013,2.348559355132864,4.9400874933001555,2.265156819893957,0.0024162972061992725,0.8305162337144817,0.09952386313014457,54.13492871892834,43.88444428906157,62.20674610048199,54.881964257738666,67.50279046397503,56.779603918286334,22.004566817668934,35.7723991012947,37.85300000000001,45.007,61.65232895811171,41.41515370302186,19.211000000000006
62,0.6876326588844262,3642.039362583482,4557.019752262623,8.803689413488213,26.360000000000014,42.014413090045835,2695.124139126573,75.10464411730088,120.38633410893759,0.3023219108004183,80.43345815675907,51.250000000000014,2623.6708608832164,25.212000000000007,51.14200000000001,3094.2625573324544,22.778000000000006,68.45965370803111,280.547764261997,339.63774058807536,94.75966073031485,77.03001853828422,32.07846252316363,9.011511491804054,25.7145648593304,6.798373304980953,18.62284182505706,1.7179734862477671,32.8430311796309,13.966922657046922,23.645739196569636,1.4807870683314757,18.75214821295149,2.3241390478644113,4.91169980978368,2.3472928163204054,0.015670302793800737,0.8221952248700517,0.09356239654564354,54.06103724707233,44.7516372104375,62.74174610048201,54.73796425773865,67.514790463975,56.877603918286326,21.900005041163812,35.8453991012947,41.77700000000002,49.17700000000001,62.285542738335096,41.14686444941866,18.46000000000001
63,0.7772426588844261,3686.039362583482,4577.6197522626235,8.674689413488212,27.17800000000002,42.23941309004583,2695.8147312134397,74.55364411730086,120.40366589106249,0.33637191080041834,80.58607500982818,48.88000000000001,2625.651521571484,26.090000000000007,48.68900000000001,3093.970742227982,22.069000000000003,68.28620207360953,281.34895364667835,339.4238164472741,94.41806286353126,77.89022638129089,32.41979915781945,8.72156733442839,26.06550259283039,6.91584719493066,18.36610263844249,1.6349392410113293,32.76323043091112,13.919538750995692,23.32326383796243,1.0951633790062332,18.83991609833395,2.344551634042809,4.871592063621844,2.3444782088839524,0.015670302793800737,0.8221952248700517,0.09356239654564354,54.06103724707233,44.7516372104375,63.811746100482004,54.63496425773866,76.244790463975,57.85060391828634,21.75800504116381,40.5833991012947,34.805000000000014,43.500000000000014,62.41892599657487,41.53379830375995,20.164000000000012
64,0.7884323854039362,3685.620289985608,4526.073655762421,8.717305395638379,27.06900000000001,42.46238711832869,2698.390272110703,75.40906924493233,120.43734292469263,0.33113636171230476,80.41148927974528,49.74000000000002,2626.266164473411,25.838000000000008,51.38800000000003,3098.812618812482,23.356000000000016,67.78804933178425,262.7646140654718,338.607884746186,94.58066333318834,77.5127339123716,32.31980856737258,9.004743882053221,26.547992397106015,6.9603134897021555,19.125630261367093,1.723044205117701,32.22212262758207,14.036745758868259,24.048350985910698,1.5670632702735334,19.36617569928591,2.3248528878807737,4.8770519624760285,2.3101687092435825,0.012285828708210208,0.812658473944455,0.10972724791602878,54.47101327799997,43.262595197350485,62.972347169977574,54.05576065810842,77.30423639077573,57.58934038807012,21.339282647856997,40.32826649500555,37.336000000000006,49.745000000000005,58.02544602013636,41.364106929474836,17.067000000000007
65,0.761832385403936,3668.5202899856085,4431.67365576242,8.74870539563838,26.93800000000001,42.36738711832869,2691.7229159160784,75.18706924493232,120.38265707530748,0.3282963617123047,80.02449049724318,49.22800000000002,2618.6137044680004,26.884000000000007,49.20700000000003,3093.7242795134657,22.18800000000001,67.8026842581839,268.3431534022504,337.8232240664482,94.67212567677709,77.27699926473306,31.160850335509064,8.804910786280077,25.956098150510094,6.809145238632551,18.709117021294674,1.7186191403077424,32.43249817231771,13.736413267417648,23.832764020228293,0.9641179951029581,18.772672631709796,2.3789022604705754,4.848957363549986,2.296712542318468,0.012285828708210208,0.812658473944455,0.10972724791602878,54.47101327799997,43.262595197350485,63.142347169977576,53.82676065810842,74.50423639077574,58.28934038807012,21.398282647856995,39.30126649500555,35.829000000000015,44.699,57.70676813495561,40.43875761651997,19.881000000000007
66,0.7607523854039363,3650.581727661132,4493.17365576242,8.80790539563838,26.805000000000003,41.9753871183287,2695.2952730157313,75.3840692449323,120.3971078180617,0.3303763617123047,80.42911383549011,51.41800000000001,2623.674763635655,26.151000000000014,49.85000000000002,3095.7461562592894,23.323000000000015,67.79096703859862,265.19977915008934,338.26218276347277,94.53376412021605,77.3853961002875,31.80309666799854,8.964788628381958,26.076923340520885,6.919640378225878,18.973844576019403,1.7113896634203982,32.215952867676705,13.908185619071842,24.10444242348945,1.1841389649611982,19.087329391828114,2.3538160595241857,4.974169449306287,2.2550420784242315,0.018381471291789808,0.8018359382173551,0.09444017040853905,54.509257101445236,44.050911135286924,63.45834716997757,53.0907606581084,74.61023639077573,57.63134038807012,21.02264076642864,39.04726649500555,42.27400000000002,46.18700000000001,58.12201075418456,41.04263864791879,17.208000000000002
67,0.7402623854039364,3676.7817276611318,4446.57365576242,8.778405395638382,26.584000000000007,42.2293871183287,2694.899665130769,75.24306924493231,120.4028921819384,0.3203563617123048,80.37696642285437,48.593000000000025,2623.0738221590545,25.95200000000001,51.40200000000003,3095.5050258295983,22.387000000000015,67.89228468438078,263.6215033685018,338.4588078113543,94.66102488974941,77.12490958311622,32.2605622348831,8.905566039951337,26.50716720709523,6.828500893439427,18.73990270664237,1.7403736820050453,32.66866793222307,13.944973407214073,23.46359919344749,1.3165423004152934,18.87651893916759,2.3803390888271636,4.8074398767197275,2.324839173137818,0.018381471291789808,0.8018359382173551,0.09444017040853905,54.509257101445236,44.050911135286924,62.46834716997758,53.701760658108405,73.00123639077572,57.75334038807012,21.28264076642864,37.79426649500555,33.95800000000002,49.779000000000025,58.577437849948765,41.18422589807602,19.37900000000001
68,0.7943057716542511,3644.897194610636,4452.0736557624205,8.861788955529663,26.753000000000007,42.0923871183287,2698.2845546555072,74.2500139023045,120.41190223059155,0.3161963617123047,80.17551499759611,48.91800000000002,2624.9491510301737,24.508000000000013,49.83500000000002,3099.2363310273086,23.143000000000008,67.78020765379378,258.91915136719587,338.8038698603054,94.57926266377373,76.95075587912932,32.109199342196085,8.852741107595866,26.333186169782348,6.897723450245496,18.838587524004016,1.673388561916316,32.11542626750262,13.81510446137607,23.588688962198127,1.350021228448536,18.97527095239255,2.3216539082476673,4.891421832048783,2.262205442932094,0.010767267164600842,0.8175671520991001,0.098203801859312,54.19239618097868,42.994410823261674,62.84634716997757,53.63576065810841,78.30763373492778,56.736340388070126,21.432044603796214,38.30226649500555,34.917000000000016,46.152000000000015,56.842237889617934,41.16896026048625,17.572000000000006
69,0.7598857716542512,3599.397194610636,4470.273655762421,8.813788955529661,26.66900000000001,42.48738711832871,2702.3005725554513,75.46701390230449,120.37809776940864,0.3361563617123047,80.51380932322931,50.637000000000015,2628.3530729904683,26.308000000000018,50.29700000000001,3100.933839244779,22.488000000000007,67.80782574626605,265.4557146641054,339.20092046778706,94.5965263461917,77.45231374402185,31.98745956068556,8.961213560737429,26.44499501164984,7.041787276330239,18.89315975865775,1.7332747835091278,32.47994933292755,13.979054564909841,24.480055521017462,1.1949600369279558,19.431955278500332,2.347301240103683,4.943870843913594,2.3080654161619,0.010767267164600842,0.8175671520991001,0.098203801859312,54.19239618097868,42.994410823261674,63.329347169977574,53.513760658108396,74.63963373492777,56.576340388070115,21.10104460379621,40.80226649500555,39.974000000000004,47.22200000000001,56.978647199995905,40.87290428550856,19.115000000000006
70,0.759955771654251,3645.5048230361062,4445.5736557624205,8.722988955529663,26.683000000000007,42.2393871183287,2699.9592000250245,75.16701390230452,120.37106343949823,0.3383963617123047,80.51385902241978,50.021000000000036,2628.9522579172813,24.77700000000001,50.20300000000002,3099.659347456332,23.00800000000001,67.8249132113355,261.98238622892285,338.68649595853236,94.71100042203211,77.81291261879144,31.624354746852774,8.860208714388454,26.37571130409966,6.9898969439709395,18.664662313146497,1.77747735029375,32.329964736921944,13.930081652520016,23.61215771630469,1.4325018670374596,18.740349562063432,2.2909763484868537,4.969235785586711,2.343269524582096,0.03248073283539918,0.8232867260853305,0.10078808916637366,54.16987419846653,43.23408284410099,62.87034716997757,53.80976065810841,74.63263373492777,57.41834038807011,21.175072632553157,40.529266495005544,38.163000000000004,47.00300000000001,57.50304958055586,40.24613732114189,17.929000000000006
71,0.791675771654251,3627.5048230361062,4480.87365576242,8.935688955529665,26.78900000000001,42.261387118328706,2696.612185991719,74.72601390230452,120.39893656050187,0.3107763617123047,79.85828990032465,51.02600000000003,2623.7523709821194,25.888000000000016,49.68500000000002,3096.8764986922492,23.250000000000007,67.67306486225506,259.09596403079473,339.1407602766696,94.81678858793335,76.96905661856573,32.173304156028884,8.99084595394484,26.293469877332534,6.981392329453345,18.78308496951527,1.6375859951316938,32.02241086350825,13.636077373765897,24.152689462080975,1.0085793983390319,19.395876668829448,2.3456787998644972,4.902756890375664,2.326501334511899,0.020310632835399176,0.8146367260853307,0.09359408916637366,54.90587419846652,43.659082844101,62.484347169977575,53.10976065810842,77.71963373492775,56.36034038807011,21.574072632553158,37.74226649500554,41.118000000000016,45.80400000000001,57.69428879509949,41.27372722485292,17.32600000000001
72,0.7732819793802792,3654.893562721449,4436.860877224372,8.738880228672372,27.00300000000001,42.22501836125075,2689.8528004600253,74.8559098100651,120.40426384611065,0.33300147057026225,80.15838917704176,49.777000000000015,2617.8560290466708,24.108000000000004,50.444000000000024,3092.0576702396484,23.13300000000001,67.73662395189162,266.31238269796836,336.372621458169,94.64903043678616,77.43069296548727,31.499524722555726,8.754419123036767,26.388075895083094,6.932539759951836,19.313206013020285,1.7469438101234602,32.9221941947372,13.95329877093951,23.57850254175057,1.2732848383684958,18.312711733770698,2.347021149002116,4.9060958862769795,2.2723228539519047,0.010969608699782382,0.8247718597898477,0.0982076260880804,55.244576681929125,43.48774924894115,62.52816787529909,52.94670476158913,75.6597105676853,56.78824963595912,20.88837317143721,39.624768140135906,37.44400000000002,47.561,57.87661437897712,41.36058038647228,17.546000000000006
73,0.7708019793802792,3623.09356272145,4466.760877224374,8.745180228672375,26.89300000000001,42.10901836125075,2687.274122322681,74.4089098100651,120.39573615388944,0.3312314705702622,80.11077159524868,49.82300000000002,2613.622769208055,25.833000000000006,51.05400000000002,3091.210577302406,22.323000000000015,67.83767340309224,263.4358100315317,336.1789146870071,94.6801947788369,77.24140522722176,31.623392225871065,9.140231051525797,25.887545391280387,6.854407063606819,18.346135213114025,1.654202485607477,32.34287232749908,13.793485065060269,23.66196885326998,1.2410818434071271,18.802148710390284,2.32620837844846,4.804198304429352,2.279450166786148,0.010969608699782382,0.8247718597898477,0.0982076260880804,55.244576681929125,43.48774924894115,62.797167875299095,53.44670476158913,75.4467105676853,56.6592496359591,20.77837317143721,40.0497681401359,37.58000000000001,48.972,57.97407114120199,40.39779444365274,19.526000000000003
74,0.7686319793802795,3679.7681030907615,4417.660877224373,8.997780228672372,26.801000000000013,42.35301836125075,2691.465176103071,74.53490981006512,120.37112347540138,0.3297014705702623,80.10731561422355,50.364,2619.02866240448,26.248000000000008,50.18800000000003,3094.1300996305836,23.600000000000016,67.84988899099201,264.45134623558573,337.565230874817,94.64226492454121,77.02917560659425,31.79591419402592,8.850085605463224,26.099121688715222,6.807218242777179,18.483355373545706,1.7018155348365058,32.44690231835338,13.648954427818706,23.943639182071617,1.0866284398201742,18.774386134366438,2.382072490161852,4.746854021799583,2.296763162276414,0.007938191300217619,0.8274521021699661,0.10626667254405066,54.99876195372086,43.03362166554286,62.063167875299094,54.034704761589126,75.6607105676853,57.37424963595912,21.16542830479892,40.236768140135894,39.171000000000014,46.970000000000006,58.65742041036288,40.26029911984609,16.490000000000002
75,0.7659519793802795,3640.2681030907615,4485.260877224373,8.748880228672373,26.871000000000013,42.284018361250745,2697.8911816495165,74.91690981006509,120.42887652459872,0.32683147057026224,80.52314259600303,49.1,2626.359567123476,27.050000000000008,48.687000000000026,3100.3048703224977,22.412000000000013,67.7964143009076,269.10577116699034,337.22923757468226,94.60896029108189,77.57806672350047,31.689002754400875,8.894264569099342,26.432499597648267,6.998734933664172,19.107985852588605,1.7117307608944314,32.71316420388287,13.966829408181072,23.5876613036051,1.390838241955449,18.642474309794544,2.3565570372887232,4.929040168906749,2.275609858461639,0.007938191300217619,0.8274521021699661,0.10626667254405066,54.99876195372086,43.03362166554286,64.2501678752991,53.81570476158913,75.40771056768529,57.436249635959115,21.557428304798915,38.908768140135905,35.451000000000015,43.495,58.62996978664794,41.95107571027892,19.277000000000008
76,0.8025209890454037,3658.2706910938637,4482.560877224373,8.849507475532661,26.952000000000012,42.32801836125075,2694.347193502064,74.32833622777738,120.4136569432883,0.3235914705702622,80.21510996566198,50.49400000000001,2621.5939191361776,23.308000000000003,48.92800000000001,3093.7790742406255,21.935000000000006,67.76539794468434,264.150331242307,337.80388272070013,94.33728514074419,77.6407657513017,31.59804048824142,8.730338197038714,26.283784645607945,6.93576845143039,19.156332551320737,1.6957212625064766,32.354732121634925,13.81735041858916,23.767917434351297,1.0759937357569505,18.205977565605554,2.3453315938836345,4.913430386455075,2.322421570070185,0.007188259071966199,0.8367004268153381,0.09328154825758458,53.01262551254931,43.26720860377577,63.7251678752991,53.84770476158911,78.79645973876882,57.45324963595912,21.078858062499528,39.3037681401359,39.55400000000002,44.05300000000002,57.709850347989814,40.97655452370313,20.42400000000001
77,0.7683809890454036,3647.1706910938633,4428.460877224373,8.801907475532662,27.05600000000001,42.54701836125076,2691.64019388151,74.4803362277774,120.39634305671181,0.3191814705702622,80.14361691750952,49.214000000000006,2617.6389257418987,24.888,49.93300000000002,3093.793831111029,23.44200000000001,67.94687813968798,265.3367671925533,337.85164704182444,94.70094007487894,76.94293448820667,32.19887646018538,9.028711977523846,26.21429020019894,6.98117376947071,19.148008674813582,1.7383250332244595,32.65287953787494,13.828433417410617,24.14940232978705,1.4677729460186737,19.642036460471513,2.37219793356694,4.823656592902442,2.3600008288163723,0.007188259071966199,0.8367004268153381,0.09328154825758458,53.01262551254931,43.26720860377577,63.205167875299104,54.090704761589116,75.64145973876882,57.143249635959116,21.23085806249953,37.8157681401359,35.78500000000002,46.379000000000026,58.27676912866704,40.51382030642189,16.82900000000001
78,0.7693009890454033,3690.890974718348,4470.060877224374,8.853007475532664,27.014000000000017,42.09201836125075,2698.2576259532743,74.88633622777738,120.39558080425756,0.31930147057026226,80.54713998371777,49.78800000000001,2626.7429861077367,25.369000000000003,48.058000000000014,3100.9913514523387,22.602000000000007,67.93370164914725,263.4430213448099,338.0327696640586,94.48697903050984,77.47606181801437,31.99580295914227,8.94419887555146,26.515289597850458,6.995897169226658,19.154935342893843,1.6801686931351743,32.78113103754175,14.024166289610786,23.724721170531815,1.1979006232720313,18.326878420820304,2.3278598780065134,4.932398363849466,2.314578349515314,0.0035429409280338057,0.8426526557677702,0.08759611137749025,53.26071312310067,43.52942048174031,62.6421678752991,53.592704761589125,75.55245973876882,57.302249635959114,21.099961959202837,37.8007681401359,37.47600000000002,42.03900000000001,58.45453553963688,41.787746547092475,18.80200000000001
79,0.7682609890454034,3668.9909747183483,4400.360877224373,8.866207475532661,26.79700000000002,42.46501836125074,2693.567435031481,74.78533622777738,120.35441919574255,0.32913147057026226,80.23014859116559,48.932000000000016,2620.5203594586005,24.547,48.52500000000001,3095.7887145938794,22.426000000000005,67.9991319072042,266.18037886014207,337.5628860839695,94.68824618511323,77.39357846528098,31.440113989284516,8.887151299011101,25.896785247956434,6.9337606098722615,18.77640588324047,1.7609776025957626,32.46348062196811,13.643617546388992,23.98787565853958,1.1504660585035926,18.923135605256757,2.2878696494440605,4.789488615508049,2.2587440493712436,0.0035429409280338057,0.8426526557677702,0.08759611137749025,53.26071312310067,43.52942048174031,62.35216787529911,53.044704761589124,75.38445973876881,57.20224963595912,21.21196195920283,39.14476814013591,34.95800000000002,43.121000000000016,58.60561546896909,39.67662828303255,19.25700000000001
